<?xml version="1.0" encoding="UTF-8"?>
<!DOCTYPE mapper PUBLIC "-//mybatis.org//DTD Mapper 3.0//EN" "http://mybatis.org/dtd/mybatis-3-mapper.dtd">
<mapper namespace="com.xiaoq.store.mapper.ShopGoodsMapper">
  <resultMap id="BaseResultMap" type="com.xiaoq.store.entity.ShopGoods">
    <id column="id" jdbcType="INTEGER" property="id" />
    <result column="product_name" jdbcType="VARCHAR" property="productName" />
    <result column="product_sn" jdbcType="BIGINT" property="productSn" />
    <result column="product describe" jdbcType="VARCHAR" property="productDescribe" />
    <result column="inventory" jdbcType="INTEGER" property="inventory" />
    <result column="price" jdbcType="DECIMAL" property="price" />
    <result column="original_price" jdbcType="DECIMAL" property="originalPrice" />
    <result column="cover_pic" jdbcType="VARCHAR" property="coverPic" />
    <result column="pics" jdbcType="VARCHAR" property="pics" />
    <result column="status" jdbcType="BOOLEAN" property="status" />
    <result column="create_time" jdbcType="TIMESTAMP" property="createTime" />
    <result column="update_time" jdbcType="TIMESTAMP" property="updateTime" />
    <result column="deleted" jdbcType="TINYINT" property="deleted" />
  </resultMap>
  <sql id="Base_Column_List">
    id, product_name, product_sn, `product describe`, inventory, price, original_price, 
    cover_pic, pics, `status`, create_time, update_time, deleted
  </sql>

</mapper>